scientific_name,image_url
Abutilon theophrasti,https://nobleapps.noble.org/AppFiles/PlantImageGallery/PlantImages/Forb169-1.jpg
Acacia angustissima,https://nobleapps.noble.org/AppFiles/PlantImageGallery/PlantImages/Forb371-1.jpg
Acalypha gracilens,https://nobleapps.noble.org/AppFiles/PlantImageGallery/PlantImages/Forb141-1.jpg
Acalypha ostryifolia,https://nobleapps.noble.org/AppFiles/PlantImageGallery/PlantImages/Forb310-1.jpg
Acalypha virginica,https://nobleapps.noble.org/AppFiles/PlantImageGallery/PlantImages/Forb376-1.jpg
Achillea millefolium,https://nobleapps.noble.org/AppFiles/PlantImageGallery/PlantImages/Forb223-1.jpg
Acleisanthes longiflora,https://nobleapps.noble.org/AppFiles/PlantImageGallery/PlantImages/Forb318-1.jpg
Agalinis fasciculata,https://nobleapps.noble.org/AppFiles/PlantImageGallery/PlantImages/Forb377-1.jpg
Allium canadense,https://nobleapps.noble.org/AppFiles/PlantImageGallery/PlantImages/Forb181-1.jpg
Amaranthus retroflexus,https://nobleapps.noble.org/AppFiles/PlantImageGallery/PlantImages/Forb231-1.jpg
Amaranthus spinosus,https://nobleapps.noble.org/AppFiles/PlantImageGallery/PlantImages/Forb249-1.jpg
Ambrosia artemisiifolia,https://nobleapps.noble.org/AppFiles/PlantImageGallery/PlantImages/Forb362-1.jpg
Ambrosia bidentata,https://nobleapps.noble.org/AppFiles/PlantImageGallery/PlantImages/Forb36-1.jpg
Ambrosia psilostachya,https://nobleapps.noble.org/AppFiles/PlantImageGallery/PlantImages/Forb207-1.jpg
Ambrosia trifida,https://nobleapps.noble.org/AppFiles/PlantImageGallery/PlantImages/Forb227-1.jpg
Ammania coccinea,https://nobleapps.noble.org/AppFiles/PlantImageGallery/PlantImages/Forb188-1.jpg
Amphicarpae bracteata,https://nobleapps.noble.org/AppFiles/PlantImageGallery/PlantImages/Forb149-1.jpg
Amsonia ciliata,https://nobleapps.noble.org/AppFiles/PlantImageGallery/PlantImages/Forb120-1.jpg
Anagallis arvensis,https://nobleapps.noble.org/AppFiles/PlantImageGallery/PlantImages/Forb56-1.jpg
Androstephium coeruleum,https://nobleapps.noble.org/AppFiles/PlantImageGallery/PlantImages/Forb361-1.jpg
Anemone berlandieri,https://nobleapps.noble.org/AppFiles/PlantImageGallery/PlantImages/Forb292-1.jpg
Anemone caroliniana,https://nobleapps.noble.org/AppFiles/PlantImageGallery/PlantImages/Forb211-1.jpg
Antennaria parlinii,https://nobleapps.noble.org/AppFiles/PlantImageGallery/PlantImages/Forb366-1.jpg
Arenaria stricta,https://nobleapps.noble.org/AppFiles/PlantImageGallery/PlantImages/Forb298-1.jpg
Argemone polyanthemos,https://nobleapps.noble.org/AppFiles/PlantImageGallery/PlantImages/Forb306-1.jpg
Artemisia ludoviciana,https://nobleapps.noble.org/AppFiles/PlantImageGallery/PlantImages/Forb132-1.jpg
Asclepias asperula,https://nobleapps.noble.org/AppFiles/PlantImageGallery/PlantImages/Forb300-1.jpg
Asclepias latifolia,https://nobleapps.noble.org/AppFiles/PlantImageGallery/PlantImages/Forb51-1.jpg
Asclepias tuberosa,https://nobleapps.noble.org/AppFiles/PlantImageGallery/PlantImages/Forb135-1.jpg
Aster anomalus,https://nobleapps.noble.org/AppFiles/PlantImageGallery/PlantImages/Forb382-1.jpg
Aster ericoides,https://nobleapps.noble.org/AppFiles/PlantImageGallery/PlantImages/Forb125-1.jpg
Aster subulatus,https://nobleapps.noble.org/AppFiles/PlantImageGallery/PlantImages/Forb330-1.jpg
Astragalus distortus,https://nobleapps.noble.org/AppFiles/PlantImageGallery/PlantImages/Forb121-1.jpg
Astragalus leptocarpus,https://nobleapps.noble.org/AppFiles/PlantImageGallery/PlantImages/Forb269-1.jpg
Astragalus lindheimeri,https://nobleapps.noble.org/AppFiles/PlantImageGallery/PlantImages/Forb10-1.jpg
Baptisia australis,https://nobleapps.noble.org/AppFiles/PlantImageGallery/PlantImages/Forb99-1.jpg
Baptisia bracteata,https://nobleapps.noble.org/AppFiles/PlantImageGallery/PlantImages/Forb245-1.jpg
Baptisia sphaerocarpa,https://nobleapps.noble.org/AppFiles/PlantImageGallery/PlantImages/Forb67-1.jpg
Berlandiera texana,https://nobleapps.noble.org/AppFiles/PlantImageGallery/PlantImages/Forb253-1.jpg
Bidens aristosa,https://nobleapps.noble.org/AppFiles/PlantImageGallery/PlantImages/Forb359-1.jpg
Bidens bipinnata,https://nobleapps.noble.org/AppFiles/PlantImageGallery/PlantImages/Forb37-1.jpg
Bifora americana,https://nobleapps.noble.org/AppFiles/PlantImageGallery/PlantImages/Forb184-1.jpg
Brassica kaber,https://nobleapps.noble.org/AppFiles/PlantImageGallery/PlantImages/Forb170-1.jpg
Brassica rapa,https://nobleapps.noble.org/AppFiles/PlantImageGallery/PlantImages/Forb337-1.jpg
Buglossoides arvense,https://nobleapps.noble.org/AppFiles/PlantImageGallery/PlantImages/Forb156-1.jpg
Cacalia plantaginea,https://nobleapps.noble.org/AppFiles/PlantImageGallery/PlantImages/Forb357-1.jpg
Callirhoe alcaeoides,https://nobleapps.noble.org/AppFiles/PlantImageGallery/PlantImages/Forb247-1.jpg
Callirhoe digitata,https://nobleapps.noble.org/AppFiles/PlantImageGallery/PlantImages/Forb250-1.jpg
Callirhoe involucrata,https://nobleapps.noble.org/AppFiles/PlantImageGallery/PlantImages/Forb278-1.jpg
Calylophus berlandieri,https://nobleapps.noble.org/AppFiles/PlantImageGallery/PlantImages/Forb364-1.jpg
Calylophus serrulatus,https://nobleapps.noble.org/AppFiles/PlantImageGallery/PlantImages/Forb369-1.jpg
Calyptocarpus vialis,https://nobleapps.noble.org/AppFiles/PlantImageGallery/PlantImages/Forb266-1.jpg
Camassia scilloides,https://nobleapps.noble.org/AppFiles/PlantImageGallery/PlantImages/Forb328-1.jpg
Cannabis sativa,https://nobleapps.noble.org/AppFiles/PlantImageGallery/PlantImages/Forb88-1.jpg
Capsella bursa-pastoris,https://nobleapps.noble.org/AppFiles/PlantImageGallery/PlantImages/Forb44-1.jpg
Carduus nutans,https://nobleapps.noble.org/AppFiles/PlantImageGallery/PlantImages/Forb83-1.jpg
Cassia fasciculata,https://nobleapps.noble.org/AppFiles/PlantImageGallery/PlantImages/Forb101-1.jpg
Cassia marilandica,https://nobleapps.noble.org/AppFiles/PlantImageGallery/PlantImages/Forb289-1.jpg
Cassia nictitans,https://nobleapps.noble.org/AppFiles/PlantImageGallery/PlantImages/Forb74-1.jpg
Castilleja indivisa,https://nobleapps.noble.org/AppFiles/PlantImageGallery/PlantImages/Forb73-1.jpg
Castilleja purpurea var. citrina,https://nobleapps.noble.org/AppFiles/PlantImageGallery/PlantImages/Forb24-1.jpg
Castilleja purpurea var. purpurea,https://nobleapps.noble.org/AppFiles/PlantImageGallery/PlantImages/Forb230-1.jpg
Centaurea americana,https://nobleapps.noble.org/AppFiles/PlantImageGallery/PlantImages/Forb119-1.jpg
Centaurium beyrichii,https://nobleapps.noble.org/AppFiles/PlantImageGallery/PlantImages/Forb305-1.jpg
Cerastium glomeratum,https://nobleapps.noble.org/AppFiles/PlantImageGallery/PlantImages/Forb133-1.jpg
Chaerophyllum procumbens,https://nobleapps.noble.org/AppFiles/PlantImageGallery/PlantImages/Forb304-1.jpg
Chaerophyllum tainturieri,https://nobleapps.noble.org/AppFiles/PlantImageGallery/PlantImages/Forb176-1.jpg
Chenopodium album,https://nobleapps.noble.org/AppFiles/PlantImageGallery/PlantImages/Forb18-1.jpg
Chenopodium ambrosioides,https://nobleapps.noble.org/AppFiles/PlantImageGallery/PlantImages/Forb82-1.jpg
Chrysanthemum leucanthemum,https://nobleapps.noble.org/AppFiles/PlantImageGallery/PlantImages/Forb127-1.jpg
Chrysopsis pilosa,https://nobleapps.noble.org/AppFiles/PlantImageGallery/PlantImages/Forb255-1.jpg
Cicuta maculata,https://nobleapps.noble.org/AppFiles/PlantImageGallery/PlantImages/Forb228-1.jpg
Cirsium carolinianum,https://nobleapps.noble.org/AppFiles/PlantImageGallery/PlantImages/Forb182-1.jpg
Cirsium horridulum,https://nobleapps.noble.org/AppFiles/PlantImageGallery/PlantImages/Forb303-1.jpg
Cirsium texanum,https://nobleapps.noble.org/AppFiles/PlantImageGallery/PlantImages/Forb336-1.jpg
Claytonia virginica,https://nobleapps.noble.org/AppFiles/PlantImageGallery/PlantImages/Forb138-1.jpg
Cleomella angustifolia,https://nobleapps.noble.org/AppFiles/PlantImageGallery/PlantImages/Forb102-1.jpg
Clitoria mariana,https://nobleapps.noble.org/AppFiles/PlantImageGallery/PlantImages/Forb220-1.jpg
Cnidoscolus texanus,https://nobleapps.noble.org/AppFiles/PlantImageGallery/PlantImages/Forb131-1.jpg
Collinsia violacea,https://nobleapps.noble.org/AppFiles/PlantImageGallery/PlantImages/Forb172-1.jpg
Commelina erecta,https://nobleapps.noble.org/AppFiles/PlantImageGallery/PlantImages/Forb62-1.jpg
Commelina virginica,https://nobleapps.noble.org/AppFiles/PlantImageGallery/PlantImages/Forb351-1.jpg
Conium maculatum,https://nobleapps.noble.org/AppFiles/PlantImageGallery/PlantImages/Forb258-1.jpg
Convolvulus arvensis,https://nobleapps.noble.org/AppFiles/PlantImageGallery/PlantImages/Forb137-1.jpg
Convolvulus equitans,https://nobleapps.noble.org/AppFiles/PlantImageGallery/PlantImages/Forb153-1.jpg
Conyza canadensis,https://nobleapps.noble.org/AppFiles/PlantImageGallery/PlantImages/Forb355-1.jpg
Cooperia drummondii,https://nobleapps.noble.org/AppFiles/PlantImageGallery/PlantImages/Forb262-1.jpg
Coreopsis lanceolata,https://nobleapps.noble.org/AppFiles/PlantImageGallery/PlantImages/Forb280-1.jpg
Coreopsis tinctoria,https://nobleapps.noble.org/AppFiles/PlantImageGallery/PlantImages/Forb375-1.jpg
Corydalis aurea,https://nobleapps.noble.org/AppFiles/PlantImageGallery/PlantImages/Forb33-1.jpg
Coryphantha vivipara,https://nobleapps.noble.org/AppFiles/PlantImageGallery/PlantImages/Forb204-1.jpg
Croton capitatus,https://nobleapps.noble.org/AppFiles/PlantImageGallery/PlantImages/Forb331-1.jpg
Croton glandulosus,https://nobleapps.noble.org/AppFiles/PlantImageGallery/PlantImages/Forb302-1.jpg
Croton lindheimerianus,https://nobleapps.noble.org/AppFiles/PlantImageGallery/PlantImages/Forb186-1.jpg
Croton monanthogynous,https://nobleapps.noble.org/AppFiles/PlantImageGallery/PlantImages/Forb76-1.jpg
Cucurbita foetidissima,https://nobleapps.noble.org/AppFiles/PlantImageGallery/PlantImages/Forb95-1.jpg
Cuscuta spp.,https://nobleapps.noble.org/AppFiles/PlantImageGallery/PlantImages/Forb380-1.jpg
Dalea aurea,https://nobleapps.noble.org/AppFiles/PlantImageGallery/PlantImages/Forb241-1.jpg
Dalea enneandra,https://nobleapps.noble.org/AppFiles/PlantImageGallery/PlantImages/Forb81-1.jpg
Daucus carota,https://nobleapps.noble.org/AppFiles/PlantImageGallery/PlantImages/Forb139-1.jpg
Delphinium virescens,https://nobleapps.noble.org/AppFiles/PlantImageGallery/PlantImages/Forb263-1.jpg
Descurainia pinnata,https://nobleapps.noble.org/AppFiles/PlantImageGallery/PlantImages/Forb352-1.jpg
Descurainia sophia,https://nobleapps.noble.org/AppFiles/PlantImageGallery/PlantImages/Forb332-1.jpg
Desmanthus illinoensis,https://nobleapps.noble.org/AppFiles/PlantImageGallery/PlantImages/Forb322-1.jpg
Desmanthus leptolobus,https://nobleapps.noble.org/AppFiles/PlantImageGallery/PlantImages/Forb261-1.jpg
Desmodium canescens,https://nobleapps.noble.org/AppFiles/PlantImageGallery/PlantImages/Forb118-1.jpg
Desmodium marilandicum,https://nobleapps.noble.org/AppFiles/PlantImageGallery/PlantImages/Forb347-1.jpg
Desmodium paniculatum,https://nobleapps.noble.org/AppFiles/PlantImageGallery/PlantImages/Forb348-1.jpg
Desmodium sessilifolium,https://nobleapps.noble.org/AppFiles/PlantImageGallery/PlantImages/Forb25-1.jpg
Dimorphocarpa wislizenii,https://nobleapps.noble.org/AppFiles/PlantImageGallery/PlantImages/Forb6-1.jpg
Diodia teres,https://nobleapps.noble.org/AppFiles/PlantImageGallery/PlantImages/Forb110-1.jpg
Dodecatheon meadia,https://nobleapps.noble.org/AppFiles/PlantImageGallery/PlantImages/Forb109-1.jpg
Dracopis amplexicaulis,https://nobleapps.noble.org/AppFiles/PlantImageGallery/PlantImages/Forb154-1.jpg
Dyschoriste linearis,https://nobleapps.noble.org/AppFiles/PlantImageGallery/PlantImages/Forb311-1.jpg
Echinacea atrorubens,https://nobleapps.noble.org/AppFiles/PlantImageGallery/PlantImages/Forb309-1.jpg
Echinacea pallida,https://nobleapps.noble.org/AppFiles/PlantImageGallery/PlantImages/Forb219-1.jpg
Echinocactus texensis,https://nobleapps.noble.org/AppFiles/PlantImageGallery/PlantImages/Forb148-1.jpg
Echinocereus reichenbachii,https://nobleapps.noble.org/AppFiles/PlantImageGallery/PlantImages/Forb22-1.jpg
Eclipta prostrata,https://nobleapps.noble.org/AppFiles/PlantImageGallery/PlantImages/Forb233-1.jpg
Elephantopus tomentosus,https://nobleapps.noble.org/AppFiles/PlantImageGallery/PlantImages/Forb66-1.jpg
Englemannia pinnatifida,https://nobleapps.noble.org/AppFiles/PlantImageGallery/PlantImages/Forb218-1.jpg
Erigeron annuus,https://nobleapps.noble.org/AppFiles/PlantImageGallery/PlantImages/Forb136-1.jpg
Erigeron philadelphicus,https://nobleapps.noble.org/AppFiles/PlantImageGallery/PlantImages/Forb360-1.jpg
Eriogonum annuum,https://nobleapps.noble.org/AppFiles/PlantImageGallery/PlantImages/Forb209-1.jpg
Eriogonum longifolium,https://nobleapps.noble.org/AppFiles/PlantImageGallery/PlantImages/Forb28-1.jpg
Erodium cicutarium,https://nobleapps.noble.org/AppFiles/PlantImageGallery/PlantImages/Forb343-1.jpg
Erodium texanum,https://nobleapps.noble.org/AppFiles/PlantImageGallery/PlantImages/Forb175-1.jpg
Eryngium diffusum,https://nobleapps.noble.org/AppFiles/PlantImageGallery/PlantImages/Forb363-1.jpg
Eryngium leavenworthii,https://nobleapps.noble.org/AppFiles/PlantImageGallery/PlantImages/Forb27-1.jpg
Eryngium yuccifolium,https://nobleapps.noble.org/AppFiles/PlantImageGallery/PlantImages/Forb314-1.jpg
Erysimum asperum,https://nobleapps.noble.org/AppFiles/PlantImageGallery/PlantImages/Forb236-1.jpg
Erysimum capitatum,https://nobleapps.noble.org/AppFiles/PlantImageGallery/PlantImages/Forb178-1.jpg
Erysimum repandum,https://nobleapps.noble.org/AppFiles/PlantImageGallery/PlantImages/Forb150-1.jpg
Eupatorium coelestinum,https://nobleapps.noble.org/AppFiles/PlantImageGallery/PlantImages/Forb221-1.jpg
Eupatorium serotinum,https://nobleapps.noble.org/AppFiles/PlantImageGallery/PlantImages/Forb38-1.jpg
Euphorbia bicolor,https://nobleapps.noble.org/AppFiles/PlantImageGallery/PlantImages/Forb9-1.jpg
Euphorbia corollata,https://nobleapps.noble.org/AppFiles/PlantImageGallery/PlantImages/Forb55-1.jpg
Euphorbia cyathophora,https://nobleapps.noble.org/AppFiles/PlantImageGallery/PlantImages/Forb112-1.jpg
Euphorbia dentata,https://nobleapps.noble.org/AppFiles/PlantImageGallery/PlantImages/Forb285-1.jpg
Euphorbia maculata,https://nobleapps.noble.org/AppFiles/PlantImageGallery/PlantImages/Forb185-1.jpg
Euphorbia marginata,https://nobleapps.noble.org/AppFiles/PlantImageGallery/PlantImages/Forb7-1.jpg
Euphorbia nutans,https://nobleapps.noble.org/AppFiles/PlantImageGallery/PlantImages/Forb373-1.jpg
Euphorbia prostrata,https://nobleapps.noble.org/AppFiles/PlantImageGallery/PlantImages/Forb350-1.jpg
Eustoma grandiflorum,https://nobleapps.noble.org/AppFiles/PlantImageGallery/PlantImages/Forb329-1.jpg
Evolvulus sericeus,https://nobleapps.noble.org/AppFiles/PlantImageGallery/PlantImages/Forb16-1.jpg
Froelichia floridana,https://nobleapps.noble.org/AppFiles/PlantImageGallery/PlantImages/Forb317-1.jpg
Gaillardia aestivalis,https://nobleapps.noble.org/AppFiles/PlantImageGallery/PlantImages/Forb268-1.jpg
Gaillardia pulchella,https://nobleapps.noble.org/AppFiles/PlantImageGallery/PlantImages/Forb354-1.jpg
Gaillardia suavis,https://nobleapps.noble.org/AppFiles/PlantImageGallery/PlantImages/Forb367-1.jpg
Galium aparine,https://nobleapps.noble.org/AppFiles/PlantImageGallery/PlantImages/Forb252-1.jpg
Galium circaezans,https://nobleapps.noble.org/AppFiles/PlantImageGallery/PlantImages/Forb117-1.jpg
Gaura longiflora,https://nobleapps.noble.org/AppFiles/PlantImageGallery/PlantImages/Forb171-1.jpg
Gaura suffulta,https://nobleapps.noble.org/AppFiles/PlantImageGallery/PlantImages/Forb197-1.jpg
Gaura villosa,https://nobleapps.noble.org/AppFiles/PlantImageGallery/PlantImages/Forb79-1.jpg
Geranium carolinianum,https://nobleapps.noble.org/AppFiles/PlantImageGallery/PlantImages/Forb246-1.jpg
Geranium dissectum,https://nobleapps.noble.org/AppFiles/PlantImageGallery/PlantImages/Forb54-1.jpg
Geum canadense,https://nobleapps.noble.org/AppFiles/PlantImageGallery/PlantImages/Forb273-1.jpg
Gnaphalium obtusifolium,https://nobleapps.noble.org/AppFiles/PlantImageGallery/PlantImages/Forb115-1.jpg
Gnaphalium purpureum,https://nobleapps.noble.org/AppFiles/PlantImageGallery/PlantImages/Forb179-1.jpg
Grindelia papposa,https://nobleapps.noble.org/AppFiles/PlantImageGallery/PlantImages/Forb5-1.jpg
Gutierrezia dracunculoides,https://nobleapps.noble.org/AppFiles/PlantImageGallery/PlantImages/Forb295-1.jpg
Gutierrezia sarothrae,https://nobleapps.noble.org/AppFiles/PlantImageGallery/PlantImages/Forb287-1.jpg
Hedyotis crassifolia,https://nobleapps.noble.org/AppFiles/PlantImageGallery/PlantImages/Forb85-1.jpg
Hedyotis nigricans,https://nobleapps.noble.org/AppFiles/PlantImageGallery/PlantImages/Forb291-1.jpg
Helenium amarum,https://nobleapps.noble.org/AppFiles/PlantImageGallery/PlantImages/Forb103-1.jpg
Helianthus annuus,https://nobleapps.noble.org/AppFiles/PlantImageGallery/PlantImages/Forb90-1.jpg
Helianthus hirsutus,https://nobleapps.noble.org/AppFiles/PlantImageGallery/PlantImages/Forb229-1.jpg
Helianthus maximiliani,https://nobleapps.noble.org/AppFiles/PlantImageGallery/PlantImages/Forb297-1.jpg
Helianthus mollis,https://nobleapps.noble.org/AppFiles/PlantImageGallery/PlantImages/Forb146-1.jpg
Heliotropium tenellum,https://nobleapps.noble.org/AppFiles/PlantImageGallery/PlantImages/Forb113-1.jpg
Heterotheca canescens,https://nobleapps.noble.org/AppFiles/PlantImageGallery/PlantImages/Forb162-1.jpg
Chrysopsis pilosa,https://nobleapps.noble.org/AppFiles/PlantImageGallery/PlantImages/Forb255-1.jpg
Hieracium gronovii,https://nobleapps.noble.org/AppFiles/PlantImageGallery/PlantImages/Forb257-1.jpg
Hieracium gronovii,https://nobleapps.noble.org/AppFiles/PlantImageGallery/PlantImages/Forb257-1.jpg
Hymenocallis caroliniana,https://nobleapps.noble.org/AppFiles/PlantImageGallery/PlantImages/Forb58-1.jpg
Hymenoxys linearifolia,https://nobleapps.noble.org/AppFiles/PlantImageGallery/PlantImages/Forb372-1.jpg
Hymenoxys scaposa,https://nobleapps.noble.org/AppFiles/PlantImageGallery/PlantImages/Forb344-1.jpg
Indigofera miniata,https://nobleapps.noble.org/AppFiles/PlantImageGallery/PlantImages/Forb11-1.jpg
Ipomoea trichocarpa,https://nobleapps.noble.org/AppFiles/PlantImageGallery/PlantImages/Forb8-1.jpg
Ipomopsis rubra,https://nobleapps.noble.org/AppFiles/PlantImageGallery/PlantImages/Forb206-1.jpg
Iva annua,https://nobleapps.noble.org/AppFiles/PlantImageGallery/PlantImages/Forb108-1.jpg
Kochia scoparia,https://nobleapps.noble.org/AppFiles/PlantImageGallery/PlantImages/Forb42-1.jpg
Krameria lanceolata,https://nobleapps.noble.org/AppFiles/PlantImageGallery/PlantImages/Forb159-1.jpg
Lactuca ludoviciana,https://nobleapps.noble.org/AppFiles/PlantImageGallery/PlantImages/Forb251-1.jpg
Lactuca serriola,https://nobleapps.noble.org/AppFiles/PlantImageGallery/PlantImages/Forb324-1.jpg
Lamium amplexicaule,https://nobleapps.noble.org/AppFiles/PlantImageGallery/PlantImages/Forb84-1.jpg
Lathyrus hirsutus,https://nobleapps.noble.org/AppFiles/PlantImageGallery/PlantImages/Forb91-1.jpg
Lepidium virginicum,https://nobleapps.noble.org/AppFiles/PlantImageGallery/PlantImages/Forb144-1.jpg
Lespedeza capitata,https://nobleapps.noble.org/AppFiles/PlantImageGallery/PlantImages/Forb34-1.jpg
Lespedeza cuneata,https://nobleapps.noble.org/AppFiles/PlantImageGallery/PlantImages/Forb40-1.jpg
Lespedeza repens,https://nobleapps.noble.org/AppFiles/PlantImageGallery/PlantImages/Forb116-1.jpg
Lespedeza stipulacea,https://nobleapps.noble.org/AppFiles/PlantImageGallery/PlantImages/Forb68-1.jpg
Lespedeza virginica,https://nobleapps.noble.org/AppFiles/PlantImageGallery/PlantImages/Forb31-1.jpg
Lesquerella gracilis,https://nobleapps.noble.org/AppFiles/PlantImageGallery/PlantImages/Forb173-1.jpg
Lesquerella ovalifolia,https://nobleapps.noble.org/AppFiles/PlantImageGallery/PlantImages/Forb72-1.jpg
Liatris aspera,https://nobleapps.noble.org/AppFiles/PlantImageGallery/PlantImages/Forb195-1.jpg
Liatris mucronata,https://nobleapps.noble.org/AppFiles/PlantImageGallery/PlantImages/Forb240-1.jpg
Liatris pyncnostachya,https://nobleapps.noble.org/AppFiles/PlantImageGallery/PlantImages/Forb43-1.jpg
Liatris squarrosa,https://nobleapps.noble.org/AppFiles/PlantImageGallery/PlantImages/Forb200-1.jpg
Limnosciadium pinnatum,https://nobleapps.noble.org/AppFiles/PlantImageGallery/PlantImages/Forb104-1.jpg
Linaria canadensis,https://nobleapps.noble.org/AppFiles/PlantImageGallery/PlantImages/Forb129-1.jpg
Lindheimera texana,https://nobleapps.noble.org/AppFiles/PlantImageGallery/PlantImages/Forb203-1.jpg
Linum rigidum,https://nobleapps.noble.org/AppFiles/PlantImageGallery/PlantImages/Forb215-1.jpg
Linum sulcatum,https://nobleapps.noble.org/AppFiles/PlantImageGallery/PlantImages/Forb77-1.jpg
Lithospermum incisum,https://nobleapps.noble.org/AppFiles/PlantImageGallery/PlantImages/Forb155-1.jpg
Lobelia cardinalis,https://nobleapps.noble.org/AppFiles/PlantImageGallery/PlantImages/Forb210-1.jpg
Lomatium foeniculaceum,https://nobleapps.noble.org/AppFiles/PlantImageGallery/PlantImages/Forb234-1.jpg
Lotus purshianus,https://nobleapps.noble.org/AppFiles/PlantImageGallery/PlantImages/Forb53-1.jpg
Ludwigia alternifolia,https://nobleapps.noble.org/AppFiles/PlantImageGallery/PlantImages/Forb190-1.jpg
Ludwigia peploides,https://nobleapps.noble.org/AppFiles/PlantImageGallery/PlantImages/Forb64-1.jpg
Lupinus texensis,https://nobleapps.noble.org/AppFiles/PlantImageGallery/PlantImages/Forb365-1.jpg
Lygodesmia texana,https://nobleapps.noble.org/AppFiles/PlantImageGallery/PlantImages/Forb319-1.jpg
Lythrum lanceolatum,https://nobleapps.noble.org/AppFiles/PlantImageGallery/PlantImages/Forb271-1.jpg
Marrubium vulgare,https://nobleapps.noble.org/AppFiles/PlantImageGallery/PlantImages/Forb96-1.jpg
Marshallia caespitosa,https://nobleapps.noble.org/AppFiles/PlantImageGallery/PlantImages/Forb259-1.jpg
Medicago lupulina,https://nobleapps.noble.org/AppFiles/PlantImageGallery/PlantImages/Forb353-1.jpg
Medicago minima,https://nobleapps.noble.org/AppFiles/PlantImageGallery/PlantImages/Forb35-1.jpg
Medicago orbicularis,https://nobleapps.noble.org/AppFiles/PlantImageGallery/PlantImages/Forb124-1.jpg
Medicago sativa,https://nobleapps.noble.org/AppFiles/PlantImageGallery/PlantImages/Forb374-1.jpg
Melampodium leucanthum,https://nobleapps.noble.org/AppFiles/PlantImageGallery/PlantImages/Forb180-1.jpg
Melilotus albus,https://nobleapps.noble.org/AppFiles/PlantImageGallery/PlantImages/Forb160-1.jpg
Melilotus officinalis,https://nobleapps.noble.org/AppFiles/PlantImageGallery/PlantImages/Forb199-1.jpg
Melothria pendula,https://nobleapps.noble.org/AppFiles/PlantImageGallery/PlantImages/Forb86-1.jpg
Menodora heterophylla,https://nobleapps.noble.org/AppFiles/PlantImageGallery/PlantImages/Forb238-1.jpg
Mentzelia oligosperma,https://nobleapps.noble.org/AppFiles/PlantImageGallery/PlantImages/Forb205-1.jpg
Mirabilis linearis,https://nobleapps.noble.org/AppFiles/PlantImageGallery/PlantImages/Forb100-1.jpg
Mollugo verticillata,https://nobleapps.noble.org/AppFiles/PlantImageGallery/PlantImages/Forb279-1.jpg
Monarda citriodora,https://nobleapps.noble.org/AppFiles/PlantImageGallery/PlantImages/Forb39-1.jpg
Monarda fistulosa,https://nobleapps.noble.org/AppFiles/PlantImageGallery/PlantImages/Forb23-1.jpg
Monarda punctata,https://nobleapps.noble.org/AppFiles/PlantImageGallery/PlantImages/Forb152-1.jpg
Monarda russeliana,https://nobleapps.noble.org/AppFiles/PlantImageGallery/PlantImages/Forb26-1.jpg
Morchella esculenta & crassipes,https://nobleapps.noble.org/AppFiles/PlantImageGallery/PlantImages/Forb202-1.jpg
Muscari neglectum,https://nobleapps.noble.org/AppFiles/PlantImageGallery/PlantImages/Forb323-1.jpg
Myosotis verna,https://nobleapps.noble.org/AppFiles/PlantImageGallery/PlantImages/Forb163-1.jpg
Neptunia lutea,https://nobleapps.noble.org/AppFiles/PlantImageGallery/PlantImages/Forb93-1.jpg
Nothoscordum bivalve,https://nobleapps.noble.org/AppFiles/PlantImageGallery/PlantImages/Forb63-1.jpg
Nyctaginia capitata,https://nobleapps.noble.org/AppFiles/PlantImageGallery/PlantImages/Forb13-1.jpg
Oenothera biennis,https://nobleapps.noble.org/AppFiles/PlantImageGallery/PlantImages/Forb107-1.jpg
Oenothera laciniata,https://nobleapps.noble.org/AppFiles/PlantImageGallery/PlantImages/Forb349-1.jpg
Oenothera macrocarpa,https://nobleapps.noble.org/AppFiles/PlantImageGallery/PlantImages/Forb165-1.jpg
Oenothera rhombipetala,https://nobleapps.noble.org/AppFiles/PlantImageGallery/PlantImages/Forb122-1.jpg
Oenothera spachiana,https://nobleapps.noble.org/AppFiles/PlantImageGallery/PlantImages/Forb15-1.jpg
Oenothera speciosa,https://nobleapps.noble.org/AppFiles/PlantImageGallery/PlantImages/Forb32-1.jpg
Opuntia leptocaulis,https://nobleapps.noble.org/AppFiles/PlantImageGallery/PlantImages/Forb327-1.jpg
Opuntia spp.,https://nobleapps.noble.org/AppFiles/PlantImageGallery/PlantImages/Forb192-1.jpg
Ornithogalum umbellatum,https://nobleapps.noble.org/AppFiles/PlantImageGallery/PlantImages/Forb274-1.jpg
Oxalis dillenii,https://nobleapps.noble.org/AppFiles/PlantImageGallery/PlantImages/Forb237-1.jpg
Palafoxia rosea,https://nobleapps.noble.org/AppFiles/PlantImageGallery/PlantImages/Forb334-1.jpg
Paronychia jamesii,https://nobleapps.noble.org/AppFiles/PlantImageGallery/PlantImages/Forb97-1.jpg
Parthenium hysterophorus,https://nobleapps.noble.org/AppFiles/PlantImageGallery/PlantImages/Forb70-1.jpg
Passiflora incarnata,https://nobleapps.noble.org/AppFiles/PlantImageGallery/PlantImages/Forb368-1.jpg
Penstemon cobaea,https://nobleapps.noble.org/AppFiles/PlantImageGallery/PlantImages/Forb87-1.jpg
Penstemon digitalis,https://nobleapps.noble.org/AppFiles/PlantImageGallery/PlantImages/Forb14-1.jpg
Petalostemon candidum,https://nobleapps.noble.org/AppFiles/PlantImageGallery/PlantImages/Forb226-1.jpg
Petalostemon multiflorum,https://nobleapps.noble.org/AppFiles/PlantImageGallery/PlantImages/Forb166-1.jpg
Petalostemon purpureum,https://nobleapps.noble.org/AppFiles/PlantImageGallery/PlantImages/Forb370-1.jpg
Phacelia congesta,https://nobleapps.noble.org/AppFiles/PlantImageGallery/PlantImages/Forb342-1.jpg
Phacelia hirsuta,https://nobleapps.noble.org/AppFiles/PlantImageGallery/PlantImages/Forb288-1.jpg
Phlox divarcata,https://nobleapps.noble.org/AppFiles/PlantImageGallery/PlantImages/Forb283-1.jpg
Phlox pilosa,https://nobleapps.noble.org/AppFiles/PlantImageGallery/PlantImages/Forb225-1.jpg
Phyla incisa,https://nobleapps.noble.org/AppFiles/PlantImageGallery/PlantImages/Forb143-1.jpg
Phyla lanceolata,https://nobleapps.noble.org/AppFiles/PlantImageGallery/PlantImages/Forb20-1.jpg
Physalis heterophylla,https://nobleapps.noble.org/AppFiles/PlantImageGallery/PlantImages/Forb60-1.jpg
Phytolacca americana,https://nobleapps.noble.org/AppFiles/PlantImageGallery/PlantImages/Forb242-1.jpg
Plantago aristata,https://nobleapps.noble.org/AppFiles/PlantImageGallery/PlantImages/Forb379-1.jpg
Plantago major,https://nobleapps.noble.org/AppFiles/PlantImageGallery/PlantImages/Forb114-1.jpg
Plantago virginica,https://nobleapps.noble.org/AppFiles/PlantImageGallery/PlantImages/Forb71-1.jpg
Pluchea odorata,https://nobleapps.noble.org/AppFiles/PlantImageGallery/PlantImages/Forb183-1.jpg
Podophyllum peltatum,https://nobleapps.noble.org/AppFiles/PlantImageGallery/PlantImages/Forb46-1.jpg
Polanisia dodecandra,https://nobleapps.noble.org/AppFiles/PlantImageGallery/PlantImages/Forb92-1.jpg
Polygala alba,https://nobleapps.noble.org/AppFiles/PlantImageGallery/PlantImages/Forb235-1.jpg
Polygala incarnata,https://nobleapps.noble.org/AppFiles/PlantImageGallery/PlantImages/Forb213-1.jpg
Polygonum aviculare,https://nobleapps.noble.org/AppFiles/PlantImageGallery/PlantImages/Forb177-1.jpg
Polygonum hydropiperoides,https://nobleapps.noble.org/AppFiles/PlantImageGallery/PlantImages/Forb312-1.jpg
Polygonum pensylvanicum,https://nobleapps.noble.org/AppFiles/PlantImageGallery/PlantImages/Forb301-1.jpg
Polygonum virginianum,https://nobleapps.noble.org/AppFiles/PlantImageGallery/PlantImages/Forb168-1.jpg
Polytaenia nuttallii,https://nobleapps.noble.org/AppFiles/PlantImageGallery/PlantImages/Forb290-1.jpg
Grindelia papposa,https://nobleapps.noble.org/AppFiles/PlantImageGallery/PlantImages/Forb5-1.jpg
Proboscidea louisianica,https://nobleapps.noble.org/AppFiles/PlantImageGallery/PlantImages/Forb341-1.jpg
Prunella vulgaris,https://nobleapps.noble.org/AppFiles/PlantImageGallery/PlantImages/Forb4-1.jpg
Psoralea cuspidata,https://nobleapps.noble.org/AppFiles/PlantImageGallery/PlantImages/Forb123-1.jpg
Psoralea hypogaea,https://nobleapps.noble.org/AppFiles/PlantImageGallery/PlantImages/Forb264-1.jpg
Psoralea reverchonii,https://nobleapps.noble.org/AppFiles/PlantImageGallery/PlantImages/Forb254-1.jpg
Psoralea tenuiflora,https://nobleapps.noble.org/AppFiles/PlantImageGallery/PlantImages/Forb267-1.jpg
Ptilimnium nuttallii,https://nobleapps.noble.org/AppFiles/PlantImageGallery/PlantImages/Forb59-1.jpg
Pyrrhopappus carolinianus,https://nobleapps.noble.org/AppFiles/PlantImageGallery/PlantImages/Forb126-1.jpg
Pyrrhopappus multicaulis,https://nobleapps.noble.org/AppFiles/PlantImageGallery/PlantImages/Forb194-1.jpg
Ranunculus fascicularis,https://nobleapps.noble.org/AppFiles/PlantImageGallery/PlantImages/Forb224-1.jpg
Ranunculus laxicaulis,https://nobleapps.noble.org/AppFiles/PlantImageGallery/PlantImages/Forb78-1.jpg
Ratibida columnifera,https://nobleapps.noble.org/AppFiles/PlantImageGallery/PlantImages/Forb286-1.jpg
Rhynchosida physocalyx,https://nobleapps.noble.org/AppFiles/PlantImageGallery/PlantImages/Forb222-1.jpg
Rivina humilis,https://nobleapps.noble.org/AppFiles/PlantImageGallery/PlantImages/Forb333-1.jpg
Rorippa nasturtium-aquaticum,https://nobleapps.noble.org/AppFiles/PlantImageGallery/PlantImages/Forb232-1.jpg
Rudbeckia grandiflora,https://nobleapps.noble.org/AppFiles/PlantImageGallery/PlantImages/Forb3-1.jpg
Rudbeckia hirta,https://nobleapps.noble.org/AppFiles/PlantImageGallery/PlantImages/Forb105-1.jpg
Rudbeckia laciniata,https://nobleapps.noble.org/AppFiles/PlantImageGallery/PlantImages/Forb356-1.jpg
Rudbeckia maxima,https://nobleapps.noble.org/AppFiles/PlantImageGallery/PlantImages/Forb189-1.jpg
Rudbeckia triloba,https://nobleapps.noble.org/AppFiles/PlantImageGallery/PlantImages/Forb151-1.jpg
Ruellia humilis,https://nobleapps.noble.org/AppFiles/PlantImageGallery/PlantImages/Forb346-1.jpg
Rumex crispus,https://nobleapps.noble.org/AppFiles/PlantImageGallery/PlantImages/Forb47-1.jpg
Sabatia angularis,https://nobleapps.noble.org/AppFiles/PlantImageGallery/PlantImages/Forb244-1.jpg
Sabatia campestris,https://nobleapps.noble.org/AppFiles/PlantImageGallery/PlantImages/Forb2-1.jpg
Sagittaria latifolia,https://nobleapps.noble.org/AppFiles/PlantImageGallery/PlantImages/Forb381-1.jpg
Salsola iberica,https://nobleapps.noble.org/AppFiles/PlantImageGallery/PlantImages/Forb17-1.jpg
Salvia azurea,https://nobleapps.noble.org/AppFiles/PlantImageGallery/PlantImages/Forb239-1.jpg
Salvia farinacea,https://nobleapps.noble.org/AppFiles/PlantImageGallery/PlantImages/Forb308-1.jpg
Salvia texana,https://nobleapps.noble.org/AppFiles/PlantImageGallery/PlantImages/Forb57-1.jpg
Sanicula canadensis,https://nobleapps.noble.org/AppFiles/PlantImageGallery/PlantImages/Forb128-1.jpg
Scabosia atropurpurea,https://nobleapps.noble.org/AppFiles/PlantImageGallery/PlantImages/Forb320-1.jpg
Schrankia roemeriana,https://nobleapps.noble.org/AppFiles/PlantImageGallery/PlantImages/Forb208-1.jpg
Scutellaria resinosa,https://nobleapps.noble.org/AppFiles/PlantImageGallery/PlantImages/Forb339-1.jpg
Senecio obovatus,https://nobleapps.noble.org/AppFiles/PlantImageGallery/PlantImages/Forb111-1.jpg
Senecio plattensis,https://nobleapps.noble.org/AppFiles/PlantImageGallery/PlantImages/Forb147-1.jpg
Sesbania vesicaria,https://nobleapps.noble.org/AppFiles/PlantImageGallery/PlantImages/Forb256-1.jpg
Sibara virginica,https://nobleapps.noble.org/AppFiles/PlantImageGallery/PlantImages/Forb272-1.jpg
Sida cordifolia,https://nobleapps.noble.org/AppFiles/PlantImageGallery/PlantImages/Forb296-1.jpg
Sida spinosa,https://nobleapps.noble.org/AppFiles/PlantImageGallery/PlantImages/Forb265-1.jpg
Silphium albiflorum,https://nobleapps.noble.org/AppFiles/PlantImageGallery/PlantImages/Forb275-1.jpg
Silphium integrifolium,https://nobleapps.noble.org/AppFiles/PlantImageGallery/PlantImages/Forb174-1.jpg
Silphium laciniatum,https://nobleapps.noble.org/AppFiles/PlantImageGallery/PlantImages/Forb69-1.jpg
Siphonoglossa pilosella,https://nobleapps.noble.org/AppFiles/PlantImageGallery/PlantImages/Forb358-1.jpg
Sisymbrium officinale,https://nobleapps.noble.org/AppFiles/PlantImageGallery/PlantImages/Forb164-1.jpg
Sisyrinchium angustifolium,https://nobleapps.noble.org/AppFiles/PlantImageGallery/PlantImages/Forb340-1.jpg
Solanum americanum,https://nobleapps.noble.org/AppFiles/PlantImageGallery/PlantImages/Forb29-1.jpg
Solanum carolinense,https://nobleapps.noble.org/AppFiles/PlantImageGallery/PlantImages/Forb277-1.jpg
Solanum elaeagnifolium,https://nobleapps.noble.org/AppFiles/PlantImageGallery/PlantImages/Forb134-1.jpg
Solanum rostratum,https://nobleapps.noble.org/AppFiles/PlantImageGallery/PlantImages/Forb49-1.jpg
Solidago gigantea,https://nobleapps.noble.org/AppFiles/PlantImageGallery/PlantImages/Forb142-1.jpg
Solidago nitida,https://nobleapps.noble.org/AppFiles/PlantImageGallery/PlantImages/Forb299-1.jpg
Solidago rigida,https://nobleapps.noble.org/AppFiles/PlantImageGallery/PlantImages/Forb161-1.jpg
Sonchus asper,https://nobleapps.noble.org/AppFiles/PlantImageGallery/PlantImages/Forb30-1.jpg
Spermolepis inermis,https://nobleapps.noble.org/AppFiles/PlantImageGallery/PlantImages/Forb19-1.jpg
Spiranthes cernua,https://nobleapps.noble.org/AppFiles/PlantImageGallery/PlantImages/Forb21-1.jpg
Stellaria media,https://nobleapps.noble.org/AppFiles/PlantImageGallery/PlantImages/Forb281-1.jpg
Stenosiphon linifolius,https://nobleapps.noble.org/AppFiles/PlantImageGallery/PlantImages/Forb48-1.jpg
Strophostyles helvola,https://nobleapps.noble.org/AppFiles/PlantImageGallery/PlantImages/Forb191-1.jpg
Strophostyles leiosperma,https://nobleapps.noble.org/AppFiles/PlantImageGallery/PlantImages/Forb12-1.jpg
Taraxacum officinale,https://nobleapps.noble.org/AppFiles/PlantImageGallery/PlantImages/Forb61-1.jpg
Tetragonotheca texana,https://nobleapps.noble.org/AppFiles/PlantImageGallery/PlantImages/Forb335-1.jpg
Teucrium canadense,https://nobleapps.noble.org/AppFiles/PlantImageGallery/PlantImages/Forb270-1.jpg
Thelesperma filifolium,https://nobleapps.noble.org/AppFiles/PlantImageGallery/PlantImages/Forb130-1.jpg
Thelesperma simplicifolium,https://nobleapps.noble.org/AppFiles/PlantImageGallery/PlantImages/Forb41-1.jpg
Thlaspi arvense,https://nobleapps.noble.org/AppFiles/PlantImageGallery/PlantImages/Forb106-1.jpg
Torilis arvensis,https://nobleapps.noble.org/AppFiles/PlantImageGallery/PlantImages/Forb145-1.jpg
Tradescantia occidentalis,https://nobleapps.noble.org/AppFiles/PlantImageGallery/PlantImages/Forb276-1.jpg
Tradescantia ohioensis,https://nobleapps.noble.org/AppFiles/PlantImageGallery/PlantImages/Forb80-1.jpg
Tradescantia tharpii,https://nobleapps.noble.org/AppFiles/PlantImageGallery/PlantImages/Forb378-1.jpg
Tragia ramosa,https://nobleapps.noble.org/AppFiles/PlantImageGallery/PlantImages/Forb201-1.jpg
Tragopogon dubius,https://nobleapps.noble.org/AppFiles/PlantImageGallery/PlantImages/Forb338-1.jpg
Tribulus terrestris,https://nobleapps.noble.org/AppFiles/PlantImageGallery/PlantImages/Forb282-1.jpg
Trifolium alexandrinum,https://nobleapps.noble.org/AppFiles/PlantImageGallery/PlantImages/Forb65-1.jpg
Trifolium arvense,https://nobleapps.noble.org/AppFiles/PlantImageGallery/PlantImages/Forb248-1.jpg
Trifolium campestre,https://nobleapps.noble.org/AppFiles/PlantImageGallery/PlantImages/Forb216-1.jpg
Trifolium hirtum,https://nobleapps.noble.org/AppFiles/PlantImageGallery/PlantImages/Forb293-1.jpg
Trifolium incarnatum,https://nobleapps.noble.org/AppFiles/PlantImageGallery/PlantImages/Forb315-1.jpg
Trifolium pratense,https://nobleapps.noble.org/AppFiles/PlantImageGallery/PlantImages/Forb313-1.jpg
Trifolium repens,https://nobleapps.noble.org/AppFiles/PlantImageGallery/PlantImages/Forb187-1.jpg
Trifolium resupinatum,https://nobleapps.noble.org/AppFiles/PlantImageGallery/PlantImages/Forb326-1.jpg
Trifolium vesiculosum,https://nobleapps.noble.org/AppFiles/PlantImageGallery/PlantImages/Forb75-1.jpg
Triodanis leptocarpa,https://nobleapps.noble.org/AppFiles/PlantImageGallery/PlantImages/Forb307-1.jpg
Triodanis perfoliata,https://nobleapps.noble.org/AppFiles/PlantImageGallery/PlantImages/Forb167-1.jpg
Valerianella radiata,https://nobleapps.noble.org/AppFiles/PlantImageGallery/PlantImages/Forb157-1.jpg
Verbascum thapsus,https://nobleapps.noble.org/AppFiles/PlantImageGallery/PlantImages/Forb345-1.jpg
Verbena bipinnatifida,https://nobleapps.noble.org/AppFiles/PlantImageGallery/PlantImages/Forb94-1.jpg
Verbena bracteata,https://nobleapps.noble.org/AppFiles/PlantImageGallery/PlantImages/Forb212-1.jpg
Verbena canadensis,https://nobleapps.noble.org/AppFiles/PlantImageGallery/PlantImages/Forb196-1.jpg
Verbena halei,https://nobleapps.noble.org/AppFiles/PlantImageGallery/PlantImages/Forb1-1.jpg
Verbena stricta,https://nobleapps.noble.org/AppFiles/PlantImageGallery/PlantImages/Forb98-1.jpg
Verbena urticifolia,https://nobleapps.noble.org/AppFiles/PlantImageGallery/PlantImages/Forb260-1.jpg
Verbesina alterniflora,https://nobleapps.noble.org/AppFiles/PlantImageGallery/PlantImages/Forb316-1.jpg
Verbesina encelioides,https://nobleapps.noble.org/AppFiles/PlantImageGallery/PlantImages/Forb325-1.jpg
Verbesina virginica,https://nobleapps.noble.org/AppFiles/PlantImageGallery/PlantImages/Forb217-1.jpg
Vernonia baldwinii,https://nobleapps.noble.org/AppFiles/PlantImageGallery/PlantImages/Forb193-1.jpg
Veronica arvensis,https://nobleapps.noble.org/AppFiles/PlantImageGallery/PlantImages/Forb321-1.jpg
Veronica peregrina,https://nobleapps.noble.org/AppFiles/PlantImageGallery/PlantImages/Forb284-1.jpg
Veronica persica,https://nobleapps.noble.org/AppFiles/PlantImageGallery/PlantImages/Forb214-1.jpg
Vicia sativa,https://nobleapps.noble.org/AppFiles/PlantImageGallery/PlantImages/Forb140-1.jpg
Vicia villosa,https://nobleapps.noble.org/AppFiles/PlantImageGallery/PlantImages/Forb294-1.jpg
Viola pratincola,https://nobleapps.noble.org/AppFiles/PlantImageGallery/PlantImages/Forb198-1.jpg
Viola rafinesquii,https://nobleapps.noble.org/AppFiles/PlantImageGallery/PlantImages/Forb45-1.jpg
Xanthisma texanum,https://nobleapps.noble.org/AppFiles/PlantImageGallery/PlantImages/Forb50-1.jpg
Xanthium strumarium,https://nobleapps.noble.org/AppFiles/PlantImageGallery/PlantImages/Forb158-1.jpg
Yucca glauca,https://nobleapps.noble.org/AppFiles/PlantImageGallery/PlantImages/Forb243-1.jpg
Zexmemia hispida,https://nobleapps.noble.org/AppFiles/PlantImageGallery/PlantImages/Forb89-1.jpg
Aegilops cylindrica,https://nobleapps.noble.org/AppFiles/PlantImageGallery/PlantImages/Grass52-1.jpg
Pascopyrum smithii,https://nobleapps.noble.org/AppFiles/PlantImageGallery/PlantImages/Grass116-1.jpg
Agrostis elliottiana,https://nobleapps.noble.org/AppFiles/PlantImageGallery/PlantImages/Grass11-1.jpg
Agrostis hyemalis,https://nobleapps.noble.org/AppFiles/PlantImageGallery/PlantImages/Grass120-1.jpg
Andropogon gerardii,https://nobleapps.noble.org/AppFiles/PlantImageGallery/PlantImages/Grass33-1.jpg
Andropogon glomeratus,https://nobleapps.noble.org/AppFiles/PlantImageGallery/PlantImages/Grass41-1.jpg
Schizachyrium scoparium,https://nobleapps.noble.org/AppFiles/PlantImageGallery/PlantImages/Grass57-1.jpg
Andropogon ternarius,https://nobleapps.noble.org/AppFiles/PlantImageGallery/PlantImages/Grass97-1.jpg
Andropogon virginicus,https://nobleapps.noble.org/AppFiles/PlantImageGallery/PlantImages/Grass38-1.jpg
Aristida desmantha,https://nobleapps.noble.org/AppFiles/PlantImageGallery/PlantImages/Grass7-1.jpg
Aristida lanosa,https://nobleapps.noble.org/AppFiles/PlantImageGallery/PlantImages/Grass121-1.jpg
Aristida oligantha,https://nobleapps.noble.org/AppFiles/PlantImageGallery/PlantImages/Grass63-1.jpg
Aristida purpurascens,https://nobleapps.noble.org/AppFiles/PlantImageGallery/PlantImages/Grass27-1.jpg
Aristida purpurea,https://nobleapps.noble.org/AppFiles/PlantImageGallery/PlantImages/Grass76-1.jpg
Arundo donax,https://nobleapps.noble.org/AppFiles/PlantImageGallery/PlantImages/Grass15-1.jpg
Avena fatua,https://nobleapps.noble.org/AppFiles/PlantImageGallery/PlantImages/Grass119-1.jpg
Avena sativa,https://nobleapps.noble.org/AppFiles/PlantImageGallery/PlantImages/Grass5-1.jpg
Bothriochloa ischaemum,https://nobleapps.noble.org/AppFiles/PlantImageGallery/PlantImages/Grass66-1.jpg
Bothriochloa laguroides,https://nobleapps.noble.org/AppFiles/PlantImageGallery/PlantImages/Grass95-1.jpg
Bothriochloa laguroides,https://nobleapps.noble.org/AppFiles/PlantImageGallery/PlantImages/Grass95-1.jpg
Bouteloua curtipendula,https://nobleapps.noble.org/AppFiles/PlantImageGallery/PlantImages/Grass94-1.jpg
Bouteloua gracilis,https://nobleapps.noble.org/AppFiles/PlantImageGallery/PlantImages/Grass34-1.jpg
Bouteloua hirsuta,https://nobleapps.noble.org/AppFiles/PlantImageGallery/PlantImages/Grass20-1.jpg
Bouteloua rigidiseta,https://nobleapps.noble.org/AppFiles/PlantImageGallery/PlantImages/Grass105-1.jpg
Bouteloua trifida,https://nobleapps.noble.org/AppFiles/PlantImageGallery/PlantImages/Grass78-1.jpg
Urochloa fasciculata,https://nobleapps.noble.org/AppFiles/PlantImageGallery/PlantImages/Grass39-1.jpg
Urochloa platyphylla,https://nobleapps.noble.org/AppFiles/PlantImageGallery/PlantImages/Grass36-1.jpg
Urochloa texana,https://nobleapps.noble.org/AppFiles/PlantImageGallery/PlantImages/Grass46-1.jpg
Brachyelytrum erectum,https://nobleapps.noble.org/AppFiles/PlantImageGallery/PlantImages/Grass35-1.jpg
Briza minor,https://nobleapps.noble.org/AppFiles/PlantImageGallery/PlantImages/Grass58-1.jpg
Bromus catharticus,https://nobleapps.noble.org/AppFiles/PlantImageGallery/PlantImages/Grass82-1.jpg
Bromus diandrus,https://nobleapps.noble.org/AppFiles/PlantImageGallery/PlantImages/Grass84-1.jpg
Bromus hordeaceus,https://nobleapps.noble.org/AppFiles/PlantImageGallery/PlantImages/Grass96-1.jpg
Bromus japonicus,https://nobleapps.noble.org/AppFiles/PlantImageGallery/PlantImages/Grass50-1.jpg
Bromus hordeaceus,https://nobleapps.noble.org/AppFiles/PlantImageGallery/PlantImages/Grass96-1.jpg
Bromus tectorum,https://nobleapps.noble.org/AppFiles/PlantImageGallery/PlantImages/Grass45-1.jpg
Bromus catharticus,https://nobleapps.noble.org/AppFiles/PlantImageGallery/PlantImages/Grass82-1.jpg
Buchloe dactyloides,https://nobleapps.noble.org/AppFiles/PlantImageGallery/PlantImages/Grass40-1.jpg
Carex albicans,https://nobleapps.noble.org/AppFiles/PlantImageGallery/PlantImages/Grass62-1.jpg
Carex albicans,https://nobleapps.noble.org/AppFiles/PlantImageGallery/PlantImages/Grass62-1.jpg
Cenchrus spinifex,https://nobleapps.noble.org/AppFiles/PlantImageGallery/PlantImages/Grass1-1.jpg
Cenchrus spinifex,https://nobleapps.noble.org/AppFiles/PlantImageGallery/PlantImages/Grass1-1.jpg
Chasmanthium latifolium,https://nobleapps.noble.org/AppFiles/PlantImageGallery/PlantImages/Grass37-1.jpg
Chasmanthium laxum,https://nobleapps.noble.org/AppFiles/PlantImageGallery/PlantImages/Grass60-1.jpg
Chasmanthium laxum,https://nobleapps.noble.org/AppFiles/PlantImageGallery/PlantImages/Grass60-1.jpg
Chloris subdolichostachya,https://nobleapps.noble.org/AppFiles/PlantImageGallery/PlantImages/Grass92-1.jpg
Chloris verticillata,https://nobleapps.noble.org/AppFiles/PlantImageGallery/PlantImages/Grass112-1.jpg
Chloris virgata,https://nobleapps.noble.org/AppFiles/PlantImageGallery/PlantImages/Grass93-1.jpg
Coelorachis cylindrica,https://nobleapps.noble.org/AppFiles/PlantImageGallery/PlantImages/Grass44-1.jpg
Cynodon dactylon,https://nobleapps.noble.org/AppFiles/PlantImageGallery/PlantImages/Grass32-1.jpg
Cyperus esculentus,https://nobleapps.noble.org/AppFiles/PlantImageGallery/PlantImages/Grass122-1.jpg
Dactylis glomerata,https://nobleapps.noble.org/AppFiles/PlantImageGallery/PlantImages/Grass64-1.jpg
Danthonia spicata,https://nobleapps.noble.org/AppFiles/PlantImageGallery/PlantImages/Grass68-1.jpg
Panicum oligosanthes,https://nobleapps.noble.org/AppFiles/PlantImageGallery/PlantImages/Grass90-1.jpg
Panicum sphaerocarpon,https://nobleapps.noble.org/AppFiles/PlantImageGallery/PlantImages/Grass85-1.jpg
Digitaria ciliaris,https://nobleapps.noble.org/AppFiles/PlantImageGallery/PlantImages/Grass4-1.jpg
Digitaria cognata,https://nobleapps.noble.org/AppFiles/PlantImageGallery/PlantImages/Grass12-1.jpg
Echinochloa colona,https://nobleapps.noble.org/AppFiles/PlantImageGallery/PlantImages/Grass53-1.jpg
Echinochloa crusgalli,https://nobleapps.noble.org/AppFiles/PlantImageGallery/PlantImages/Grass29-1.jpg
Eleusine indica,https://nobleapps.noble.org/AppFiles/PlantImageGallery/PlantImages/Grass16-1.jpg
Elymus canadensis,https://nobleapps.noble.org/AppFiles/PlantImageGallery/PlantImages/Grass42-1.jpg
Pascopyrum smithii,https://nobleapps.noble.org/AppFiles/PlantImageGallery/PlantImages/Grass116-1.jpg
Equisetum hyemale,https://nobleapps.noble.org/AppFiles/PlantImageGallery/PlantImages/Grass24-1.jpg
Eragrostis cilianensis,https://nobleapps.noble.org/AppFiles/PlantImageGallery/PlantImages/Grass98-1.jpg
Eragrostis curtipedicellata,https://nobleapps.noble.org/AppFiles/PlantImageGallery/PlantImages/Grass19-1.jpg
Eragrostis curvula,https://nobleapps.noble.org/AppFiles/PlantImageGallery/PlantImages/Grass115-1.jpg
Eragrostis intermedia,https://nobleapps.noble.org/AppFiles/PlantImageGallery/PlantImages/Grass67-1.jpg
Eragrostis secundiflora,https://nobleapps.noble.org/AppFiles/PlantImageGallery/PlantImages/Grass79-1.jpg
Eragrostis secundiflora,https://nobleapps.noble.org/AppFiles/PlantImageGallery/PlantImages/Grass79-1.jpg
Eragrostis spectabilis,https://nobleapps.noble.org/AppFiles/PlantImageGallery/PlantImages/Grass74-1.jpg
Eragrostis trichodes,https://nobleapps.noble.org/AppFiles/PlantImageGallery/PlantImages/Grass89-1.jpg
Saccharum ravennae,https://nobleapps.noble.org/AppFiles/PlantImageGallery/PlantImages/Grass99-1.jpg
Eriochloa contracta,https://nobleapps.noble.org/AppFiles/PlantImageGallery/PlantImages/Grass71-1.jpg
Eriochloa sericea,https://nobleapps.noble.org/AppFiles/PlantImageGallery/PlantImages/Grass104-1.jpg
Erioneuron pilosum,https://nobleapps.noble.org/AppFiles/PlantImageGallery/PlantImages/Grass22-1.jpg
Festuca arundinacea,https://nobleapps.noble.org/AppFiles/PlantImageGallery/PlantImages/Grass102-1.jpg
Gymnopogon ambiguus,https://nobleapps.noble.org/AppFiles/PlantImageGallery/PlantImages/Grass31-1.jpg
Hilaria belangeri,https://nobleapps.noble.org/AppFiles/PlantImageGallery/PlantImages/Grass6-1.jpg
Hilaria mutica,https://nobleapps.noble.org/AppFiles/PlantImageGallery/PlantImages/Grass110-1.jpg
Hordeum pusillum,https://nobleapps.noble.org/AppFiles/PlantImageGallery/PlantImages/Grass56-1.jpg
Juncus marginatus,https://nobleapps.noble.org/AppFiles/PlantImageGallery/PlantImages/Grass17-1.jpg
Leersia oryzoides,https://nobleapps.noble.org/AppFiles/PlantImageGallery/PlantImages/Grass83-1.jpg
Leersia virginica,https://nobleapps.noble.org/AppFiles/PlantImageGallery/PlantImages/Grass117-1.jpg
Leptochloa dubia,https://nobleapps.noble.org/AppFiles/PlantImageGallery/PlantImages/Grass18-1.jpg
Leptochloa mucronata,https://nobleapps.noble.org/AppFiles/PlantImageGallery/PlantImages/Grass80-1.jpg
Leptochloa mucronata,https://nobleapps.noble.org/AppFiles/PlantImageGallery/PlantImages/Grass80-1.jpg
Digitaria cognata,https://nobleapps.noble.org/AppFiles/PlantImageGallery/PlantImages/Grass12-1.jpg
Limnodea arkansana,https://nobleapps.noble.org/AppFiles/PlantImageGallery/PlantImages/Grass65-1.jpg
Lolium perenne,https://nobleapps.noble.org/AppFiles/PlantImageGallery/PlantImages/Grass87-1.jpg
Melica nitens,https://nobleapps.noble.org/AppFiles/PlantImageGallery/PlantImages/Grass109-1.jpg
Muhlenbergia reverchonii,https://nobleapps.noble.org/AppFiles/PlantImageGallery/PlantImages/Grass91-1.jpg
Muhlenbergia schreberi,https://nobleapps.noble.org/AppFiles/PlantImageGallery/PlantImages/Grass61-1.jpg
Nassella leucotricha,https://nobleapps.noble.org/AppFiles/PlantImageGallery/PlantImages/Grass107-1.jpg
Panicum rigidulum,https://nobleapps.noble.org/AppFiles/PlantImageGallery/PlantImages/Grass81-1.jpg
Panicum anceps,https://nobleapps.noble.org/AppFiles/PlantImageGallery/PlantImages/Grass30-1.jpg
Panicum capillare,https://nobleapps.noble.org/AppFiles/PlantImageGallery/PlantImages/Grass3-1.jpg
Panicum coloratum,https://nobleapps.noble.org/AppFiles/PlantImageGallery/PlantImages/Grass54-1.jpg
Urochloa fasciculata,https://nobleapps.noble.org/AppFiles/PlantImageGallery/PlantImages/Grass39-1.jpg
Paspalidium geminatum,https://nobleapps.noble.org/AppFiles/PlantImageGallery/PlantImages/Grass10-1.jpg
Panicum hallii,https://nobleapps.noble.org/AppFiles/PlantImageGallery/PlantImages/Grass23-1.jpg
Panicum hians,https://nobleapps.noble.org/AppFiles/PlantImageGallery/PlantImages/Grass14-1.jpg
Panicum obtusum,https://nobleapps.noble.org/AppFiles/PlantImageGallery/PlantImages/Grass114-1.jpg
Panicum oligosanthes,https://nobleapps.noble.org/AppFiles/PlantImageGallery/PlantImages/Grass90-1.jpg
Panicum rigidulum,https://nobleapps.noble.org/AppFiles/PlantImageGallery/PlantImages/Grass81-1.jpg
Panicum sphaerocarpon,https://nobleapps.noble.org/AppFiles/PlantImageGallery/PlantImages/Grass85-1.jpg
Urochloa texana,https://nobleapps.noble.org/AppFiles/PlantImageGallery/PlantImages/Grass46-1.jpg
Panicum virgatum,https://nobleapps.noble.org/AppFiles/PlantImageGallery/PlantImages/Grass100-1.jpg
Pascopyrum smithii,https://nobleapps.noble.org/AppFiles/PlantImageGallery/PlantImages/Grass116-1.jpg
Paspalidium geminatum,https://nobleapps.noble.org/AppFiles/PlantImageGallery/PlantImages/Grass10-1.jpg
Paspalum dilatatum,https://nobleapps.noble.org/AppFiles/PlantImageGallery/PlantImages/Grass8-1.jpg
Paspalum floridanum,https://nobleapps.noble.org/AppFiles/PlantImageGallery/PlantImages/Grass13-1.jpg
Paspalum notatum,https://nobleapps.noble.org/AppFiles/PlantImageGallery/PlantImages/Grass28-1.jpg
Urochloa platyphylla,https://nobleapps.noble.org/AppFiles/PlantImageGallery/PlantImages/Grass36-1.jpg
Paspalum pubiflorum,https://nobleapps.noble.org/AppFiles/PlantImageGallery/PlantImages/Grass21-1.jpg
Paspalum setaceum,https://nobleapps.noble.org/AppFiles/PlantImageGallery/PlantImages/Grass108-1.jpg
Paspalum urvillei,https://nobleapps.noble.org/AppFiles/PlantImageGallery/PlantImages/Grass113-1.jpg
Phalaris caroliniana,https://nobleapps.noble.org/AppFiles/PlantImageGallery/PlantImages/Grass43-1.jpg
Phragmites australis,https://nobleapps.noble.org/AppFiles/PlantImageGallery/PlantImages/Grass48-1.jpg
Hilaria mutica,https://nobleapps.noble.org/AppFiles/PlantImageGallery/PlantImages/Grass110-1.jpg
Poa annua,https://nobleapps.noble.org/AppFiles/PlantImageGallery/PlantImages/Grass26-1.jpg
Poa arachnifera,https://nobleapps.noble.org/AppFiles/PlantImageGallery/PlantImages/Grass103-1.jpg
Saccharum ravennae,https://nobleapps.noble.org/AppFiles/PlantImageGallery/PlantImages/Grass99-1.jpg
Schedonnardus paniculatus,https://nobleapps.noble.org/AppFiles/PlantImageGallery/PlantImages/Grass111-1.jpg
Schizachyrium scoparium,https://nobleapps.noble.org/AppFiles/PlantImageGallery/PlantImages/Grass57-1.jpg
Secale cereale,https://nobleapps.noble.org/AppFiles/PlantImageGallery/PlantImages/Grass86-1.jpg
Setaria parviflora,https://nobleapps.noble.org/AppFiles/PlantImageGallery/PlantImages/Grass55-1.jpg
Setaria parviflora,https://nobleapps.noble.org/AppFiles/PlantImageGallery/PlantImages/Grass55-1.jpg
Setaria parviflora,https://nobleapps.noble.org/AppFiles/PlantImageGallery/PlantImages/Grass55-1.jpg
Sorghastrum nutans,https://nobleapps.noble.org/AppFiles/PlantImageGallery/PlantImages/Grass49-1.jpg
Sorghum halepense,https://nobleapps.noble.org/AppFiles/PlantImageGallery/PlantImages/Grass51-1.jpg
Sphenopholis obtusata,https://nobleapps.noble.org/AppFiles/PlantImageGallery/PlantImages/Grass73-1.jpg
Sporobolus airoides,https://nobleapps.noble.org/AppFiles/PlantImageGallery/PlantImages/Grass25-1.jpg
Sporobolus compositus,https://nobleapps.noble.org/AppFiles/PlantImageGallery/PlantImages/Grass101-1.jpg
Sporobolus compositus,https://nobleapps.noble.org/AppFiles/PlantImageGallery/PlantImages/Grass101-1.jpg
Sporobolus cryptandrus,https://nobleapps.noble.org/AppFiles/PlantImageGallery/PlantImages/Grass88-1.jpg
Sporobolus vaginiflorus,https://nobleapps.noble.org/AppFiles/PlantImageGallery/PlantImages/Grass70-1.jpg
Nassella leucotricha,https://nobleapps.noble.org/AppFiles/PlantImageGallery/PlantImages/Grass107-1.jpg
Tridens albescens,https://nobleapps.noble.org/AppFiles/PlantImageGallery/PlantImages/Grass118-1.jpg
Tridens flavus,https://nobleapps.noble.org/AppFiles/PlantImageGallery/PlantImages/Grass77-1.jpg
Tridens strictus,https://nobleapps.noble.org/AppFiles/PlantImageGallery/PlantImages/Grass59-1.jpg
Tridens texanus,https://nobleapps.noble.org/AppFiles/PlantImageGallery/PlantImages/Grass106-1.jpg
Triplapsis purpurea,https://nobleapps.noble.org/AppFiles/PlantImageGallery/PlantImages/Grass75-1.jpg
Tripsacum dactyloides,https://nobleapps.noble.org/AppFiles/PlantImageGallery/PlantImages/Grass9-1.jpg
Trisetum interruptum,https://nobleapps.noble.org/AppFiles/PlantImageGallery/PlantImages/Grass72-1.jpg
Aegilops cylindrica,https://nobleapps.noble.org/AppFiles/PlantImageGallery/PlantImages/Grass52-1.jpg
Typha latifolia,https://nobleapps.noble.org/AppFiles/PlantImageGallery/PlantImages/Grass47-1.jpg
Chasmanthium latifolium,https://nobleapps.noble.org/AppFiles/PlantImageGallery/PlantImages/Grass37-1.jpg
Chasmanthium laxum,https://nobleapps.noble.org/AppFiles/PlantImageGallery/PlantImages/Grass60-1.jpg
Urochloa fasciculata,https://nobleapps.noble.org/AppFiles/PlantImageGallery/PlantImages/Grass39-1.jpg
Urochloa platyphylla,https://nobleapps.noble.org/AppFiles/PlantImageGallery/PlantImages/Grass36-1.jpg
Urochloa texana,https://nobleapps.noble.org/AppFiles/PlantImageGallery/PlantImages/Grass46-1.jpg
Vulpia octoflora,https://nobleapps.noble.org/AppFiles/PlantImageGallery/PlantImages/Grass2-1.jpg
Acer negundo,https://nobleapps.noble.org/AppFiles/PlantImageGallery/PlantImages/Woody23-1.jpg
Acer rubrum,https://nobleapps.noble.org/AppFiles/PlantImageGallery/PlantImages/Woody86-1.jpg
Acer saccharinum,https://nobleapps.noble.org/AppFiles/PlantImageGallery/PlantImages/Woody103-1.jpg
Aesculus arguta,https://nobleapps.noble.org/AppFiles/PlantImageGallery/PlantImages/Woody115-1.jpg
Aesculus arguta,https://nobleapps.noble.org/AppFiles/PlantImageGallery/PlantImages/Woody115-1.jpg
Ailanthus altissima,https://nobleapps.noble.org/AppFiles/PlantImageGallery/PlantImages/Woody119-1.jpg
Albizia julibrissin,https://nobleapps.noble.org/AppFiles/PlantImageGallery/PlantImages/Woody67-1.jpg
Alnus maritima,https://nobleapps.noble.org/AppFiles/PlantImageGallery/PlantImages/Woody98-1.jpg
Alnus surrulata,https://nobleapps.noble.org/AppFiles/PlantImageGallery/PlantImages/Woody51-1.jpg
Aloysia gratissima,https://nobleapps.noble.org/AppFiles/PlantImageGallery/PlantImages/Woody128-1.jpg
Amorpha canescens,https://nobleapps.noble.org/AppFiles/PlantImageGallery/PlantImages/Woody59-1.jpg
Amorpha fruticosa,https://nobleapps.noble.org/AppFiles/PlantImageGallery/PlantImages/Woody55-1.jpg
Ampelopsis arborea,https://nobleapps.noble.org/AppFiles/PlantImageGallery/PlantImages/Woody78-1.jpg
Ampelopsis cordata,https://nobleapps.noble.org/AppFiles/PlantImageGallery/PlantImages/Woody139-1.jpg
Artemisia filifolia,https://nobleapps.noble.org/AppFiles/PlantImageGallery/PlantImages/Woody93-1.jpg
Baccharis halimifolia,https://nobleapps.noble.org/AppFiles/PlantImageGallery/PlantImages/Woody40-1.jpg
Baccharis neglecta,https://nobleapps.noble.org/AppFiles/PlantImageGallery/PlantImages/Woody134-1.jpg
Berberis trifoliolata,https://nobleapps.noble.org/AppFiles/PlantImageGallery/PlantImages/Woody1-1.jpg
Berchemia scandens,https://nobleapps.noble.org/AppFiles/PlantImageGallery/PlantImages/Woody84-1.jpg
Betula nigra,https://nobleapps.noble.org/AppFiles/PlantImageGallery/PlantImages/Woody88-1.jpg
Broussonetia papyrifera,https://nobleapps.noble.org/AppFiles/PlantImageGallery/PlantImages/Woody76-1.jpg
Sideroxylon lanuginosum,https://nobleapps.noble.org/AppFiles/PlantImageGallery/PlantImages/Woody34-1.jpg
Callicarpa americana,https://nobleapps.noble.org/AppFiles/PlantImageGallery/PlantImages/Woody2-1.jpg
Campsis radicans,https://nobleapps.noble.org/AppFiles/PlantImageGallery/PlantImages/Woody122-1.jpg
Carya alba,https://nobleapps.noble.org/AppFiles/PlantImageGallery/PlantImages/Woody69-1.jpg
Carya aquatica,https://nobleapps.noble.org/AppFiles/PlantImageGallery/PlantImages/Woody124-1.jpg
Carya cordiformis,https://nobleapps.noble.org/AppFiles/PlantImageGallery/PlantImages/Woody10-1.jpg
Carya illinoensis,https://nobleapps.noble.org/AppFiles/PlantImageGallery/PlantImages/Woody77-1.jpg
Carya latifolia,https://nobleapps.noble.org/AppFiles/PlantImageGallery/PlantImages/Woody25-1.jpg
Carya texana,https://nobleapps.noble.org/AppFiles/PlantImageGallery/PlantImages/Woody15-1.jpg
Carya alba,https://nobleapps.noble.org/AppFiles/PlantImageGallery/PlantImages/Woody69-1.jpg
Catalpa speciosa,https://nobleapps.noble.org/AppFiles/PlantImageGallery/PlantImages/Woody108-1.jpg
Ceanothus americanus,https://nobleapps.noble.org/AppFiles/PlantImageGallery/PlantImages/Woody74-1.jpg
Celtis laevigata var. laevigata,https://nobleapps.noble.org/AppFiles/PlantImageGallery/PlantImages/Woody111-1.jpg
Celtis laevigata var. laevigata,https://nobleapps.noble.org/AppFiles/PlantImageGallery/PlantImages/Woody111-1.jpg
Celtis laevigata var. reticulata,https://nobleapps.noble.org/AppFiles/PlantImageGallery/PlantImages/Woody73-1.jpg
Celtis laevigata var. reticulata,https://nobleapps.noble.org/AppFiles/PlantImageGallery/PlantImages/Woody73-1.jpg
Cephalanthus occidentalis,https://nobleapps.noble.org/AppFiles/PlantImageGallery/PlantImages/Woody28-1.jpg
Cercis canadensis,https://nobleapps.noble.org/AppFiles/PlantImageGallery/PlantImages/Woody85-1.jpg
Cocculus carolinus,https://nobleapps.noble.org/AppFiles/PlantImageGallery/PlantImages/Woody30-1.jpg
Cornus drummondii,https://nobleapps.noble.org/AppFiles/PlantImageGallery/PlantImages/Woody90-1.jpg
Cornus florida,https://nobleapps.noble.org/AppFiles/PlantImageGallery/PlantImages/Woody46-1.jpg
Crataegus crus-galli,https://nobleapps.noble.org/AppFiles/PlantImageGallery/PlantImages/Woody35-1.jpg
Crataegus mollis,https://nobleapps.noble.org/AppFiles/PlantImageGallery/PlantImages/Woody39-1.jpg
Crataegus spathulata,https://nobleapps.noble.org/AppFiles/PlantImageGallery/PlantImages/Woody61-1.jpg
Diospyros texana,https://nobleapps.noble.org/AppFiles/PlantImageGallery/PlantImages/Woody117-1.jpg
Diospyros virginiana,https://nobleapps.noble.org/AppFiles/PlantImageGallery/PlantImages/Woody79-1.jpg
Elaeagnus angustifolia,https://nobleapps.noble.org/AppFiles/PlantImageGallery/PlantImages/Woody91-1.jpg
Elaeagnus umbellata,https://nobleapps.noble.org/AppFiles/PlantImageGallery/PlantImages/Woody7-1.jpg
Ephedra antisyphilitica,https://nobleapps.noble.org/AppFiles/PlantImageGallery/PlantImages/Woody70-1.jpg
Forestiera pubescens,https://nobleapps.noble.org/AppFiles/PlantImageGallery/PlantImages/Woody42-1.jpg
Frangula caroliniana,https://nobleapps.noble.org/AppFiles/PlantImageGallery/PlantImages/Woody29-1.jpg
Fraxinus americana,https://nobleapps.noble.org/AppFiles/PlantImageGallery/PlantImages/Woody127-1.jpg
Fraxinus pennsylvanica,https://nobleapps.noble.org/AppFiles/PlantImageGallery/PlantImages/Woody49-1.jpg
Fraxinus texensis,https://nobleapps.noble.org/AppFiles/PlantImageGallery/PlantImages/Woody114-1.jpg
Gleditsia triacanthos,https://nobleapps.noble.org/AppFiles/PlantImageGallery/PlantImages/Woody54-1.jpg
Gymnocladus dioicus,https://nobleapps.noble.org/AppFiles/PlantImageGallery/PlantImages/Woody57-1.jpg
Hypericum prolificum,https://nobleapps.noble.org/AppFiles/PlantImageGallery/PlantImages/Woody100-1.jpg
Ilex decidua,https://nobleapps.noble.org/AppFiles/PlantImageGallery/PlantImages/Woody37-1.jpg
Ilex vomitoria,https://nobleapps.noble.org/AppFiles/PlantImageGallery/PlantImages/Woody133-1.jpg
Juglans nigra,https://nobleapps.noble.org/AppFiles/PlantImageGallery/PlantImages/Woody20-1.jpg
Juniperus ashei,https://nobleapps.noble.org/AppFiles/PlantImageGallery/PlantImages/Woody6-1.jpg
Juniperus virginiana,https://nobleapps.noble.org/AppFiles/PlantImageGallery/PlantImages/Woody41-1.jpg
Ligustrum sinense,https://nobleapps.noble.org/AppFiles/PlantImageGallery/PlantImages/Woody137-1.jpg
Liquidambar styraciflua,https://nobleapps.noble.org/AppFiles/PlantImageGallery/PlantImages/Woody112-1.jpg
Lonicera japonica,https://nobleapps.noble.org/AppFiles/PlantImageGallery/PlantImages/Woody56-1.jpg
Lonicera sempervirens,https://nobleapps.noble.org/AppFiles/PlantImageGallery/PlantImages/Woody121-1.jpg
Maclura pomifera,https://nobleapps.noble.org/AppFiles/PlantImageGallery/PlantImages/Woody75-1.jpg
Magnolia grandiflora,https://nobleapps.noble.org/AppFiles/PlantImageGallery/PlantImages/Woody109-1.jpg
Melia azedarach,https://nobleapps.noble.org/AppFiles/PlantImageGallery/PlantImages/Woody32-1.jpg
Mimosa borealis,https://nobleapps.noble.org/AppFiles/PlantImageGallery/PlantImages/Woody47-1.jpg
Morus alba,https://nobleapps.noble.org/AppFiles/PlantImageGallery/PlantImages/Woody129-1.jpg
Morus rubra,https://nobleapps.noble.org/AppFiles/PlantImageGallery/PlantImages/Woody87-1.jpg
Nyssa sylvatica,https://nobleapps.noble.org/AppFiles/PlantImageGallery/PlantImages/Woody14-1.jpg
Parthenocissus quinquefolia,https://nobleapps.noble.org/AppFiles/PlantImageGallery/PlantImages/Woody123-1.jpg
Phoradendron tomentosum,https://nobleapps.noble.org/AppFiles/PlantImageGallery/PlantImages/Woody68-1.jpg
Pinus echinata,https://nobleapps.noble.org/AppFiles/PlantImageGallery/PlantImages/Woody99-1.jpg
Platanus occidentalis,https://nobleapps.noble.org/AppFiles/PlantImageGallery/PlantImages/Woody113-1.jpg
Poncirus trifoliata,https://nobleapps.noble.org/AppFiles/PlantImageGallery/PlantImages/Woody120-1.jpg
Populus deltoides,https://nobleapps.noble.org/AppFiles/PlantImageGallery/PlantImages/Woody36-1.jpg
Prosopis glandulosa,https://nobleapps.noble.org/AppFiles/PlantImageGallery/PlantImages/Woody65-1.jpg
Prunus americana,https://nobleapps.noble.org/AppFiles/PlantImageGallery/PlantImages/Woody4-1.jpg
Prunus angustifolia,https://nobleapps.noble.org/AppFiles/PlantImageGallery/PlantImages/Woody96-1.jpg
Prunus mexicana,https://nobleapps.noble.org/AppFiles/PlantImageGallery/PlantImages/Woody66-1.jpg
Prunus rivularis,https://nobleapps.noble.org/AppFiles/PlantImageGallery/PlantImages/Woody53-1.jpg
Prunus serotina,https://nobleapps.noble.org/AppFiles/PlantImageGallery/PlantImages/Woody13-1.jpg
Ptelea trifoliata,https://nobleapps.noble.org/AppFiles/PlantImageGallery/PlantImages/Woody138-1.jpg
Pueraria montana,https://nobleapps.noble.org/AppFiles/PlantImageGallery/PlantImages/Woody58-1.jpg
Pueraria montana,https://nobleapps.noble.org/AppFiles/PlantImageGallery/PlantImages/Woody58-1.jpg
Quercus alba,https://nobleapps.noble.org/AppFiles/PlantImageGallery/PlantImages/Woody130-1.jpg
Quercus sinuata,https://nobleapps.noble.org/AppFiles/PlantImageGallery/PlantImages/Woody9-1.jpg
Quercus falcata,https://nobleapps.noble.org/AppFiles/PlantImageGallery/PlantImages/Woody110-1.jpg
Quercus incana,https://nobleapps.noble.org/AppFiles/PlantImageGallery/PlantImages/Woody22-1.jpg
Quercus macrocarpa,https://nobleapps.noble.org/AppFiles/PlantImageGallery/PlantImages/Woody27-1.jpg
Quercus marilandica,https://nobleapps.noble.org/AppFiles/PlantImageGallery/PlantImages/Woody16-1.jpg
Quercus muhlenbergii,https://nobleapps.noble.org/AppFiles/PlantImageGallery/PlantImages/Woody33-1.jpg
Quercus nigra,https://nobleapps.noble.org/AppFiles/PlantImageGallery/PlantImages/Woody125-1.jpg
Quercus phellos,https://nobleapps.noble.org/AppFiles/PlantImageGallery/PlantImages/Woody131-1.jpg
Quercus shumardii,https://nobleapps.noble.org/AppFiles/PlantImageGallery/PlantImages/Woody101-1.jpg
Quercus sinuata,https://nobleapps.noble.org/AppFiles/PlantImageGallery/PlantImages/Woody9-1.jpg
Quercus stellata,https://nobleapps.noble.org/AppFiles/PlantImageGallery/PlantImages/Woody81-1.jpg
Quercus velutina,https://nobleapps.noble.org/AppFiles/PlantImageGallery/PlantImages/Woody18-1.jpg
Quercus virginiana,https://nobleapps.noble.org/AppFiles/PlantImageGallery/PlantImages/Woody63-1.jpg
Frangula caroliniana,https://nobleapps.noble.org/AppFiles/PlantImageGallery/PlantImages/Woody29-1.jpg
Rhus aromatica,https://nobleapps.noble.org/AppFiles/PlantImageGallery/PlantImages/Woody104-1.jpg
Rhus copallinum,https://nobleapps.noble.org/AppFiles/PlantImageGallery/PlantImages/Woody45-1.jpg
Rhus glabra,https://nobleapps.noble.org/AppFiles/PlantImageGallery/PlantImages/Woody106-1.jpg
Rhus microphylla,https://nobleapps.noble.org/AppFiles/PlantImageGallery/PlantImages/Woody62-1.jpg
Toxicodendron radicans,https://nobleapps.noble.org/AppFiles/PlantImageGallery/PlantImages/Woody80-1.jpg
Ribes aureum,https://nobleapps.noble.org/AppFiles/PlantImageGallery/PlantImages/Woody136-1.jpg
Robinia pseudoacacia,https://nobleapps.noble.org/AppFiles/PlantImageGallery/PlantImages/Woody17-1.jpg
Rosa arkansana,https://nobleapps.noble.org/AppFiles/PlantImageGallery/PlantImages/Woody5-1.jpg
Rosa foliolosa,https://nobleapps.noble.org/AppFiles/PlantImageGallery/PlantImages/Woody60-1.jpg
Rosa multiflora,https://nobleapps.noble.org/AppFiles/PlantImageGallery/PlantImages/Woody71-1.jpg
Rosa setigera,https://nobleapps.noble.org/AppFiles/PlantImageGallery/PlantImages/Woody82-1.jpg
Rosa spp.,https://nobleapps.noble.org/AppFiles/PlantImageGallery/PlantImages/Woody89-1.jpg
Rubus oklahomus,https://nobleapps.noble.org/AppFiles/PlantImageGallery/PlantImages/Woody11-1.jpg
Rubus trivialis,https://nobleapps.noble.org/AppFiles/PlantImageGallery/PlantImages/Woody38-1.jpg
Salix exigua,https://nobleapps.noble.org/AppFiles/PlantImageGallery/PlantImages/Woody95-1.jpg
Salix nigra,https://nobleapps.noble.org/AppFiles/PlantImageGallery/PlantImages/Woody21-1.jpg
Sambucus nigra,https://nobleapps.noble.org/AppFiles/PlantImageGallery/PlantImages/Woody43-1.jpg
Sambucus nigra,https://nobleapps.noble.org/AppFiles/PlantImageGallery/PlantImages/Woody43-1.jpg
Sapindus saponaria,https://nobleapps.noble.org/AppFiles/PlantImageGallery/PlantImages/Woody126-1.jpg
Sapindus saponaria,https://nobleapps.noble.org/AppFiles/PlantImageGallery/PlantImages/Woody126-1.jpg
Sapium sebiferum,https://nobleapps.noble.org/AppFiles/PlantImageGallery/PlantImages/Woody135-1.jpg
Sassafras albidum,https://nobleapps.noble.org/AppFiles/PlantImageGallery/PlantImages/Woody97-1.jpg
Sideroxylon lanuginosum,https://nobleapps.noble.org/AppFiles/PlantImageGallery/PlantImages/Woody34-1.jpg
Smilax bona-nox,https://nobleapps.noble.org/AppFiles/PlantImageGallery/PlantImages/Woody50-1.jpg
Smilax tamnoides,https://nobleapps.noble.org/AppFiles/PlantImageGallery/PlantImages/Woody24-1.jpg
Sophora affinis,https://nobleapps.noble.org/AppFiles/PlantImageGallery/PlantImages/Woody118-1.jpg
Symphoricarpos orbiculatas,https://nobleapps.noble.org/AppFiles/PlantImageGallery/PlantImages/Woody26-1.jpg
Tamarix chinensis,https://nobleapps.noble.org/AppFiles/PlantImageGallery/PlantImages/Woody94-1.jpg
Taxodium distichum,https://nobleapps.noble.org/AppFiles/PlantImageGallery/PlantImages/Woody8-1.jpg
Toxicodendron radicans,https://nobleapps.noble.org/AppFiles/PlantImageGallery/PlantImages/Woody80-1.jpg
Ulmus alata,https://nobleapps.noble.org/AppFiles/PlantImageGallery/PlantImages/Woody132-1.jpg
Ulmus americana,https://nobleapps.noble.org/AppFiles/PlantImageGallery/PlantImages/Woody3-1.jpg
Ulmus crassifolia,https://nobleapps.noble.org/AppFiles/PlantImageGallery/PlantImages/Woody31-1.jpg
Ulmus pumila,https://nobleapps.noble.org/AppFiles/PlantImageGallery/PlantImages/Woody102-1.jpg
Ulmus rubra,https://nobleapps.noble.org/AppFiles/PlantImageGallery/PlantImages/Woody105-1.jpg
Vaccinium arboreum,https://nobleapps.noble.org/AppFiles/PlantImageGallery/PlantImages/Woody44-1.jpg
Viburnum rufidulum,https://nobleapps.noble.org/AppFiles/PlantImageGallery/PlantImages/Woody92-1.jpg
Vitex agnus-castus,https://nobleapps.noble.org/AppFiles/PlantImageGallery/PlantImages/Woody52-1.jpg
Vitis aestivalis,https://nobleapps.noble.org/AppFiles/PlantImageGallery/PlantImages/Woody48-1.jpg
Vitis mustangensis,https://nobleapps.noble.org/AppFiles/PlantImageGallery/PlantImages/Woody72-1.jpg
Zanthoxylum clava-herculis,https://nobleapps.noble.org/AppFiles/PlantImageGallery/PlantImages/Woody83-1.jpg
Zanthoxylum hirsutum,https://nobleapps.noble.org/AppFiles/PlantImageGallery/PlantImages/Woody116-1.jpg
,
Alternanthera philoxeroides,https://nobleapps.noble.org/AppFiles/PlantImageGallery/PlantImages/Aquatic64-1.JPG
Ammannia spp.,https://nobleapps.noble.org/AppFiles/PlantImageGallery/PlantImages/Aquatic26-1.jpg
Amorpha fruticosa,https://nobleapps.noble.org/AppFiles/PlantImageGallery/PlantImages/Aquatic47-1.jpg
Andropogon glomeratus,https://nobleapps.noble.org/AppFiles/PlantImageGallery/PlantImages/Aquatic39-1.jpg
Arundo donax,https://nobleapps.noble.org/AppFiles/PlantImageGallery/PlantImages/Aquatic65-1.JPG
Azolla caroliniana,https://nobleapps.noble.org/AppFiles/PlantImageGallery/PlantImages/Aquatic63-1.JPG
Brasenia schreberi,https://nobleapps.noble.org/AppFiles/PlantImageGallery/PlantImages/Aquatic21-1.jpg
Carex crus-corvi,https://nobleapps.noble.org/AppFiles/PlantImageGallery/PlantImages/Aquatic56-1.jpg
Cephalanthus occidentalis,https://nobleapps.noble.org/AppFiles/PlantImageGallery/PlantImages/Aquatic49-1.jpg
Ceratophyllum demersum,https://nobleapps.noble.org/AppFiles/PlantImageGallery/PlantImages/Aquatic4-1.jpg
Chara spp.,https://nobleapps.noble.org/AppFiles/PlantImageGallery/PlantImages/Aquatic1-1.jpg
Chlorella spp.,https://nobleapps.noble.org/AppFiles/PlantImageGallery/PlantImages/Aquatic2-1.jpg
Chlorella spp.,https://nobleapps.noble.org/AppFiles/PlantImageGallery/PlantImages/Aquatic2-1.jpg
Cladophora spp.,https://nobleapps.noble.org/AppFiles/PlantImageGallery/PlantImages/Aquatic3-1.jpg
Echinochloa crus-galli,https://nobleapps.noble.org/AppFiles/PlantImageGallery/PlantImages/Aquatic40-1.jpg
Eleocharis palustris,https://nobleapps.noble.org/AppFiles/PlantImageGallery/PlantImages/Aquatic22-1.jpg
Eleocharis quadrangulata,https://nobleapps.noble.org/AppFiles/PlantImageGallery/PlantImages/Aquatic23-1.jpg
Equisetum hyemale,https://nobleapps.noble.org/AppFiles/PlantImageGallery/PlantImages/Aquatic25-1.jpg
Hibiscus laevis,https://nobleapps.noble.org/AppFiles/PlantImageGallery/PlantImages/Aquatic28-1.jpg
Hydrilla verticillata,https://nobleapps.noble.org/AppFiles/PlantImageGallery/PlantImages/Aquatic7-1.jpg
Iris pseudacorus,https://nobleapps.noble.org/AppFiles/PlantImageGallery/PlantImages/Aquatic62-1.JPG
Iva annua,https://nobleapps.noble.org/AppFiles/PlantImageGallery/PlantImages/Aquatic19-1.jpg
Justicia americana,https://nobleapps.noble.org/AppFiles/PlantImageGallery/PlantImages/Aquatic16-1.jpg
Leersia oryzoides,https://nobleapps.noble.org/AppFiles/PlantImageGallery/PlantImages/Aquatic41-1.jpg
Lemna spp.,https://nobleapps.noble.org/AppFiles/PlantImageGallery/PlantImages/Aquatic13-1.jpg
Lippia lanceolata,https://nobleapps.noble.org/AppFiles/PlantImageGallery/PlantImages/Aquatic38-1.jpg
Ludwigia peploides,https://nobleapps.noble.org/AppFiles/PlantImageGallery/PlantImages/Aquatic32-1.jpg
Lythrum alatum,https://nobleapps.noble.org/AppFiles/PlantImageGallery/PlantImages/Aquatic27-1.jpg
Myriophyllum aquaticum,https://nobleapps.noble.org/AppFiles/PlantImageGallery/PlantImages/Aquatic5-1.jpg
Myriophyllum spicatum,https://nobleapps.noble.org/AppFiles/PlantImageGallery/PlantImages/Aquatic6-1.jpg
Najas guadalupensis,https://nobleapps.noble.org/AppFiles/PlantImageGallery/PlantImages/Aquatic8-1.jpg
Nelumbo lutea,https://nobleapps.noble.org/AppFiles/PlantImageGallery/PlantImages/Aquatic29-1.jpg
Nuphar advena,https://nobleapps.noble.org/AppFiles/PlantImageGallery/PlantImages/Aquatic30-1.jpg
Nymphaea odorata,https://nobleapps.noble.org/AppFiles/PlantImageGallery/PlantImages/Aquatic31-1.jpg
Panicum virgatum,https://nobleapps.noble.org/AppFiles/PlantImageGallery/PlantImages/Aquatic42-1.jpg
Paspalidium geminatum,https://nobleapps.noble.org/AppFiles/PlantImageGallery/PlantImages/Aquatic43-1.jpg
Paspalum distichum,https://nobleapps.noble.org/AppFiles/PlantImageGallery/PlantImages/Aquatic59-1.jpg
Phragmites australis,https://nobleapps.noble.org/AppFiles/PlantImageGallery/PlantImages/Aquatic44-1.jpg
Cladophora spp.,https://nobleapps.noble.org/AppFiles/PlantImageGallery/PlantImages/Aquatic3-1.jpg
Platanus occidentalis,https://nobleapps.noble.org/AppFiles/PlantImageGallery/PlantImages/Aquatic48-1.jpg
Polygonum hydropiperoides,https://nobleapps.noble.org/AppFiles/PlantImageGallery/PlantImages/Aquatic33-1.jpg
Polygonum lapathifolium,https://nobleapps.noble.org/AppFiles/PlantImageGallery/PlantImages/Aquatic34-1.jpg
Polygonum setaceum,https://nobleapps.noble.org/AppFiles/PlantImageGallery/PlantImages/Aquatic35-1.jpg
Pontederia cordata,https://nobleapps.noble.org/AppFiles/PlantImageGallery/PlantImages/Aquatic61-1.JPG
Populus deltoides,https://nobleapps.noble.org/AppFiles/PlantImageGallery/PlantImages/Aquatic50-1.jpg
Potamogeton diversifolius,https://nobleapps.noble.org/AppFiles/PlantImageGallery/PlantImages/Aquatic9-1.jpg
Potamogeton nodosus,https://nobleapps.noble.org/AppFiles/PlantImageGallery/PlantImages/Aquatic10-1.jpg
Potamogeton pusillus,https://nobleapps.noble.org/AppFiles/PlantImageGallery/PlantImages/Aquatic11-1.jpg
Rananculus sceleratus,https://nobleapps.noble.org/AppFiles/PlantImageGallery/PlantImages/Aquatic57-1.jpg
Rumex crispus,https://nobleapps.noble.org/AppFiles/PlantImageGallery/PlantImages/Aquatic55-1.JPG
Saccharum ravennae,https://nobleapps.noble.org/AppFiles/PlantImageGallery/PlantImages/Aquatic60-1.JPG
Sagittaria latifolia,https://nobleapps.noble.org/AppFiles/PlantImageGallery/PlantImages/Aquatic17-1.jpg
Sagittaria platyphylla,https://nobleapps.noble.org/AppFiles/PlantImageGallery/PlantImages/Aquatic18-1.jpg
Salix nigra,https://nobleapps.noble.org/AppFiles/PlantImageGallery/PlantImages/Aquatic51-1.jpg
Schoenoplectus californicus,https://nobleapps.noble.org/AppFiles/PlantImageGallery/PlantImages/Aquatic24-1.jpg
Spirodela polyrhiza,https://nobleapps.noble.org/AppFiles/PlantImageGallery/PlantImages/Aquatic12-1.jpg
Cladophora spp.,https://nobleapps.noble.org/AppFiles/PlantImageGallery/PlantImages/Aquatic3-1.jpg
Tamarix spp.,https://nobleapps.noble.org/AppFiles/PlantImageGallery/PlantImages/Aquatic52-1.jpg
Taxodium distichum,https://nobleapps.noble.org/AppFiles/PlantImageGallery/PlantImages/Aquatic46-1.jpg
Tripsacum dactyloides,https://nobleapps.noble.org/AppFiles/PlantImageGallery/PlantImages/Aquatic45-1.jpg
Typha domingensis,https://nobleapps.noble.org/AppFiles/PlantImageGallery/PlantImages/Aquatic36-1.jpg
Typha latifolia,https://nobleapps.noble.org/AppFiles/PlantImageGallery/PlantImages/Aquatic37-1.jpg
Utricularia gibba,https://nobleapps.noble.org/AppFiles/PlantImageGallery/PlantImages/Aquatic15-1.jpg
Wolffia columbiana,https://nobleapps.noble.org/AppFiles/PlantImageGallery/PlantImages/Aquatic14-1.jpg
Xanthium strumarium,https://nobleapps.noble.org/AppFiles/PlantImageGallery/PlantImages/Aquatic20-1.jpg
,
